"00000";"IGNOR";"Município ignorado ou exterior";"MUNICIPIO IGNORADO OU EXTERIOR";"Ignorado/Exterior";"8"
"11000";"IGNOR";"Município ignorado - RO";"MUNICIPIO IGNORADO - RO";"Ignorado - RO";"8"
"11001";"ATIVO";"Porto Velho";"PORTO VELHO";"Porto Velho";"1"
"11002";"ATIVO";"Guajará-Mirim";"GUAJARA-MIRIM";"Guajará-Mirim";"1"
"11003";"ATIVO";"Ariquemes";"ARIQUEMES";"Ariquemes";"1"
"11004";"ATIVO";"Ji-Paraná";"JI-PARANA";"Ji-Paraná";"1"
"11005";"ATIVO";"Alvorada D'Oeste";"ALVORADA D'OESTE";"Alvorada D'Oeste";"1"
"11006";"ATIVO";"Cacoal";"CACOAL";"Cacoal";"1"
"11007";"ATIVO";"Vilhena";"VILHENA";"Vilhena";"1"
"11008";"ATIVO";"Colorado do Oeste";"COLORADO DO OESTE";"Colorado Oeste";"1"
"12000";"IGNOR";"Município ignorado - AC";"MUNICIPIO IGNORADO - AC";"Ignorado - AC";"8"
"12001";"ATIVO";"Cruzeiro do Sul";"CRUZEIRO DO SUL";"Cruzeiro do Sul";"1"
"12002";"ATIVO";"Tarauacá";"TARAUACA";"Tarauacá";"1"
"12003";"ATIVO";"Sena Madureira";"SENA MADUREIRA";"Sena Madureira";"1"
"12004";"ATIVO";"Rio Branco";"RIO BRANCO";"Rio Branco";"1"
"12005";"ATIVO";"Brasiléia";"BRASILEIA";"Brasiléia";"1"
"13000";"IGNOR";"Município ignorado - AM";"MUNICIPIO IGNORADO - AM";"Ignorado - AM";"8"
"13001";"ATIVO";"Rio Negro";"RIO NEGRO";"Rio Negro AM";"1"
"13002";"ATIVO";"Japurá";"JAPURA";"Japurá";"1"
"13003";"ATIVO";"Alto Solimões";"ALTO SOLIMOES";"Alto Solimões";"1"
"13004";"ATIVO";"Juruá";"JURUA";"Juruá";"1"
"13005";"ATIVO";"Tefé";"TEFE";"Tefé";"1"
"13006";"ATIVO";"Coari";"COARI";"Coari";"1"
"13007";"ATIVO";"Manaus";"MANAUS";"Manaus";"1"
"13008";"ATIVO";"Rio Preto da Eva";"RIO PRETO DA EVA";"R.Preto da Eva";"1"
"13009";"ATIVO";"Itacoatiara";"ITACOATIARA";"Itacoatiara";"1"
"13010";"ATIVO";"Parintins";"PARINTINS";"Parintins";"1"
"13011";"ATIVO";"Boca do Acre";"BOCA DO ACRE";"Boca do Acre";"1"
"13012";"ATIVO";"Purus";"PURUS";"Purus";"1"
"13013";"ATIVO";"Madeira";"MADEIRA";"Madeira";"1"
"14000";"IGNOR";"Município ignorado - RR";"MUNICIPIO IGNORADO - RR";"Ignorado - RR";"8"
"14001";"ATIVO";"Boa Vista";"BOA VISTA";"Boa Vista";"1"
"14002";"ATIVO";"Nordeste de Roraima";"NORDESTE DE RORAIMA";"Nordeste RR";"1"
"14003";"ATIVO";"Caracaraí";"CARACARAI";"Caracaraí";"1"
"14004";"ATIVO";"Sudeste de Roraima";"SUDESTE DE RORAIMA";"Sudeste RR";"1"
"15000";"IGNOR";"Município ignorado - PA";"MUNICIPIO IGNORADO - PA";"Ignorado - PA";"8"
"15001";"ATIVO";"Óbidos";"OBIDOS";"Óbidos";"1"
"15002";"ATIVO";"Santarém";"SANTAREM";"Santarém";"1"
"15003";"ATIVO";"Almeirim";"ALMEIRIM";"Almeirim";"1"
"15004";"ATIVO";"Portel";"PORTEL";"Portel";"1"
"15005";"ATIVO";"Furos de Breves";"FUROS DE BREVES";"Furos de Breves";"1"
"15006";"ATIVO";"Arari";"ARARI";"Arari";"1"
"15007";"ATIVO";"Belém";"BELEM";"Belém";"1"
"15008";"ATIVO";"Castanhal";"CASTANHAL";"Castanhal";"1"
"15009";"ATIVO";"Salgado";"SALGADO";"Salgado";"1"
"15010";"ATIVO";"Bragantina";"BRAGANTINA";"Bragantina";"1"
"15011";"ATIVO";"Cametá";"CAMETA";"Cametá";"1"
"15012";"ATIVO";"Tomé-Açu";"TOME-ACU";"Tomé-Açu";"1"
"15013";"ATIVO";"Guamá";"GUAMA";"Guamá";"1"
"15014";"ATIVO";"Itaituba";"ITAITUBA";"Itaituba";"1"
"15015";"ATIVO";"Altamira";"ALTAMIRA";"Altamira";"1"
"15016";"ATIVO";"Tucuruí";"TUCURUI";"Tucuruí";"1"
"15017";"ATIVO";"Paragominas";"PARAGOMINAS";"Paragominas";"1"
"15018";"ATIVO";"São Félix do Xingu";"SAO FELIX DO XINGU";"S.Félix Xingu";"1"
"15019";"ATIVO";"Parauapebas";"PARAUAPEBAS";"Parauapebas";"1"
"15020";"ATIVO";"Marabá";"MARABA";"Marabá";"1"
"15021";"ATIVO";"Redenção";"REDENCAO";"Redenção";"1"
"15022";"ATIVO";"Conceição do Araguaia";"CONCEICAO DO ARAGUAIA";"Conc.Araguaia";"1"
"16000";"IGNOR";"Município ignorado - AP";"MUNICIPIO IGNORADO - AP";"Ignorado - AP";"8"
"16001";"ATIVO";"Oiapoque";"OIAPOQUE";"Oiapoque";"1"
"16002";"ATIVO";"Amapá";"AMAPA";"Amapá";"1"
"16003";"ATIVO";"Macapá";"MACAPA";"Macapá";"1"
"16004";"ATIVO";"Mazagão";"MAZAGAO";"Mazagão";"1"
"17000";"IGNOR";"Município ignorado - TO";"MUNICIPIO IGNORADO - TO";"Ignorado - TO";"8"
"17001";"ATIVO";"Bico do Papagaio";"BICO DO PAPAGAIO";"Bico Papagaio";"1"
"17002";"ATIVO";"Araguaína";"ARAGUAINA";"Araguaína";"1"
"17003";"ATIVO";"Miracema do Tocantins";"MIRACEMA DO TOCANTINS";"Miracema TO";"1"
"17004";"ATIVO";"Rio Formoso";"RIO FORMOSO";"Rio Formoso";"1"
"17005";"ATIVO";"Gurupi";"GURUPI";"Gurupi TO";"1"
"17006";"ATIVO";"Porto Nacional";"PORTO NACIONAL";"Porto Nacional";"1"
"17007";"ATIVO";"Jalapão";"JALAPAO";"Jalapão";"1"
"17008";"ATIVO";"Dianópolis";"DIANOPOLIS";"Dianópolis";"1"
"20998";"TRANSF";"Fernando de Noronha (transf. p/ PE)";"FERNANDO DE NORONHA (TRANSF. P/ PE)";"Transf p/Pernambuco";"7"
"21000";"IGNOR";"Município ignorado - MA";"MUNICIPIO IGNORADO - MA";"Ignorado - MA";"8"
"21001";"ATIVO";"Litoral Ocidental Maranhense";"LITORAL OCIDENTAL MARANHENSE";"Litoral Ocid.MA";"1"
"21002";"ATIVO";"Aglomeração Urbana de São Luís";"AGLOMERACAO URBANA DE SAO LUIS";"São Luís";"1"
"21003";"ATIVO";"Rosário";"ROSARIO";"Rosário";"1"
"21004";"ATIVO";"Lençóis Maranhenses";"LENCOIS MARANHENSES";"Lençóis MA";"1"
"21005";"ATIVO";"Baixada Maranhense";"BAIXADA MARANHENSE";"Baixada MA";"1"
"21006";"ATIVO";"Itapecuru Mirim";"ITAPECURU MIRIM";"Itapecuru Mirim";"1"
"21007";"ATIVO";"Gurupi";"GURUPI";"Gurupi MA";"1"
"21008";"ATIVO";"Pindaré";"PINDARE";"Pindaré";"1"
"21009";"ATIVO";"Imperatriz";"IMPERATRIZ";"Imperatriz";"1"
"21010";"ATIVO";"Médio Mearim";"MEDIO MEARIM";"Médio Mearim";"1"
"21011";"ATIVO";"Alto Mearim e Grajaú";"ALTO MEARIM E GRAJAU";"A.Mearim/Grajaú";"1"
"21012";"ATIVO";"Presidente Dutra";"PRESIDENTE DUTRA";"Pres. Dutra";"1"
"21013";"ATIVO";"Baixo Parnaíba Maranhense";"BAIXO PARNAIBA MARANHENSE";"B.Parnaíba MA";"1"
"21014";"ATIVO";"Chapadinha";"CHAPADINHA";"Chapadinha";"1"
"21015";"ATIVO";"Codó";"CODO";"Codó";"1"
"21016";"ATIVO";"Coelho Neto";"COELHO NETO";"Coelho Neto";"1"
"21017";"ATIVO";"Caxias";"CAXIAS";"Caxias";"1"
"21018";"ATIVO";"Chapadas do Alto Itapecuru";"CHAPADAS DO ALTO ITAPECURU";"Chap.Itapecuru";"1"
"21019";"ATIVO";"Porto Franco";"PORTO FRANCO";"Porto Franco";"1"
"21020";"ATIVO";"Gerais de Balsas";"GERAIS DE BALSAS";"Gerais Balsas";"1"
"21021";"ATIVO";"Chapadas das Mangabeiras";"CHAPADAS DAS MANGABEIRAS";"Chap.Mangab.";"1"
"22000";"IGNOR";"Município ignorado - PI";"MUNICIPIO IGNORADO - PI";"Ignorado - PI";"8"
"22001";"ATIVO";"Baixo Parnaíba Piauiense";"BAIXO PARNAIBA PIAUIENSE";"B.Parnaíba PI";"1"
"22002";"ATIVO";"Litoral Piauiense";"LITORAL PIAUIENSE";"Litoral PI";"1"
"22003";"ATIVO";"Teresina";"TERESINA";"Teresina";"1"
"22004";"ATIVO";"Campo Maior";"CAMPO MAIOR";"Campo Maior";"1"
"22005";"ATIVO";"Médio Parnaíba Piauiense";"MEDIO PARNAIBA PIAUIENSE";"M.Parnaíba PI";"1"
"22006";"ATIVO";"Valença do Piauí";"VALENCA DO PIAUI";"Valença PI";"1"
"22007";"ATIVO";"Alto Parnaíba Piauiense";"ALTO PARNAIBA PIAUIENSE";"A.Parnaíba PI";"1"
"22008";"ATIVO";"Bertolínia";"BERTOLINIA";"Bertolínia";"1"
"22009";"ATIVO";"Floriano";"FLORIANO";"Floriano";"1"
"22010";"ATIVO";"Alto Médio Gurguéia";"ALTO MEDIO GURGUEIA";"A.M.Gurguéia";"1"
"22011";"ATIVO";"São Raimundo Nonato";"SAO RAIMUNDO NONATO";"S.Raim.Nonato";"1"
"22012";"ATIVO";"Chapadas do Extremo Sul Piauiense";"CHAPADAS DO EXTREMO SUL PIAUIENSE";"Chap.Ext.Sul PI";"1"
"22013";"ATIVO";"Picos";"PICOS";"Picos";"1"
"22014";"ATIVO";"Pio IX";"PIO IX";"Pio IX";"1"
"22015";"ATIVO";"Alto Médio Canindé";"ALTO MEDIO CANINDE";"A.M.Canindé";"1"
"23000";"IGNOR";"Município ignorado - CE";"MUNICIPIO IGNORADO - CE";"Ignorado - CE";"8"
"23001";"ATIVO";"Litoral de Camocim e Acaraú";"LITORAL DE CAMOCIM E ACARAU";"Camocim/Acaraú";"1"
"23002";"ATIVO";"Ibiapaba";"IBIAPABA";"Ibiapaba";"1"
"23003";"ATIVO";"Coreaú";"COREAU";"Coreaú";"1"
"23004";"ATIVO";"Meruoca";"MERUOCA";"Meruoca";"1"
"23005";"ATIVO";"Sobral";"SOBRAL";"Sobral";"1"
"23006";"ATIVO";"Ipu";"IPU";"Ipu";"1"
"23007";"ATIVO";"Santa Quitéria";"SANTA QUITERIA";"Santa Quitéria";"1"
"23008";"ATIVO";"Itapipoca";"ITAPIPOCA";"Itapipoca";"1"
"23009";"ATIVO";"Baixo Curu";"BAIXO CURU";"Baixo Curu";"1"
"23010";"ATIVO";"Uruburetama";"URUBURETAMA";"Uruburetama";"1"
"23011";"ATIVO";"Médio Curu";"MEDIO CURU";"Médio Curu";"1"
"23012";"ATIVO";"Canindé";"CANINDE";"Canindé";"1"
"23013";"ATIVO";"Baturité";"BATURITE";"Baturité";"1"
"23014";"ATIVO";"Chorozinho";"CHOROZINHO";"Chorozinho";"1"
"23015";"ATIVO";"Cascavel";"CASCAVEL";"Cascavel CE";"1"
"23016";"ATIVO";"Fortaleza";"FORTALEZA";"Fortaleza";"1"
"23017";"ATIVO";"Pacajus";"PACAJUS";"Pacajus";"1"
"23018";"ATIVO";"Sertão de Cratéus";"SERTAO DE CRATEUS";"Sertão Cratéus";"1"
"23019";"ATIVO";"Sertão de Quixeramobim";"SERTAO DE QUIXERAMOBIM";"Quixeramobim";"1"
"23020";"ATIVO";"Sertão de Inhamuns";"SERTAO DE INHAMUNS";"Sertão Inhamuns";"1"
"23021";"ATIVO";"Sertão de Senador Pompeu";"SERTAO DE SENADOR POMPEU";"Senador Pompeu";"1"
"23022";"ATIVO";"Litoral de Aracati";"LITORAL DE ARACATI";"Litoral Aracati";"1"
"23023";"ATIVO";"Baixo Jaguaribe";"BAIXO JAGUARIBE";"Baixo Jaguaribe";"1"
"23024";"ATIVO";"Médio Jaguaribe";"MEDIO JAGUARIBE";"Médio Jaguaribe";"1"
"23025";"ATIVO";"Serra do Pereiro";"SERRA DO PEREIRO";"Serra Pereiro";"1"
"23026";"ATIVO";"Iguatu";"IGUATU";"Iguatu";"1"
"23027";"ATIVO";"Várzea Alegre";"VARZEA ALEGRE";"Várzea Alegre";"1"
"23028";"ATIVO";"Lavras da Mangabeira";"LAVRAS DA MANGABEIRA";"Lavr.Mangabeira";"1"
"23029";"ATIVO";"Chapada do Araripe";"CHAPADA DO ARARIPE";"Chap.Araripe";"1"
"23030";"ATIVO";"Caririaçu";"CARIRIACU";"Caririaçu";"1"
"23031";"ATIVO";"Barro";"BARRO";"Barro";"1"
"23032";"ATIVO";"Cariri";"CARIRI";"Cariri";"1"
"23033";"ATIVO";"Brejo Santo";"BREJO SANTO";"Brejo Santo";"1"
"24000";"IGNOR";"Município ignorado - RN";"MUNICIPIO IGNORADO - RN";"Ignorado - RN";"8"
"24001";"ATIVO";"Mossoró";"MOSSORO";"Mossoró";"1"
"24002";"ATIVO";"Chapada do Apodi";"CHAPADA DO APODI";"Chap.Apodi";"1"
"24003";"ATIVO";"Médio Oeste";"MEDIO OESTE";"Médio Oeste";"1"
"24004";"ATIVO";"Vale do Açu";"VALE DO ACU";"Vale do Açu";"1"
"24005";"ATIVO";"Serra de São Miguel";"SERRA DE SAO MIGUEL";"Serra S.Miguel";"1"
"24006";"ATIVO";"Pau dos Ferros";"PAU DOS FERROS";"Pau dos Ferros";"1"
"24007";"ATIVO";"Umarizal";"UMARIZAL";"Umarizal";"1"
"24008";"ATIVO";"Macau";"MACAU";"Macau";"1"
"24009";"ATIVO";"Angicos";"ANGICOS";"Angicos";"1"
"24010";"ATIVO";"Serra de Santana";"SERRA DE SANTANA";"Serra Santana";"1"
"24011";"ATIVO";"Seridó Ocidental";"SERIDO OCIDENTAL";"Seridó Ocid.";"1"
"24012";"ATIVO";"Seridó Oriental";"SERIDO ORIENTAL";"Seridó Oriental";"1"
"24013";"ATIVO";"Baixa Verde";"BAIXA VERDE";"Baixa Verde";"1"
"24014";"ATIVO";"Borborema Potiguar";"BORBOREMA POTIGUAR";"Borborema RN";"1"
"24015";"ATIVO";"Agreste Potiguar";"AGRESTE POTIGUAR";"Agreste RN";"1"
"24016";"ATIVO";"Litoral Nordeste";"LITORAL NORDESTE";"Litoral NE";"1"
"24017";"ATIVO";"Macaíba";"MACAIBA";"Macaíba";"1"
"24018";"ATIVO";"Natal";"NATAL";"Natal";"1"
"24019";"ATIVO";"Litoral Sul";"LITORAL SUL";"Litoral Sul RN";"1"
"25000";"IGNOR";"Município ignorado - PB";"MUNICIPIO IGNORADO - PB";"Ignorado - PB";"8"
"25001";"ATIVO";"Catolé do Rocha";"CATOLE DO ROCHA";"Catolé do Rocha";"1"
"25002";"ATIVO";"Cajazeiras";"CAJAZEIRAS";"Cajazeiras";"1"
"25003";"ATIVO";"Sousa";"SOUSA";"Sousa";"1"
"25004";"ATIVO";"Patos";"PATOS";"Patos";"1"
"25005";"ATIVO";"Piancó";"PIANCO";"Piancó";"1"
"25006";"ATIVO";"Itaporanga";"ITAPORANGA";"Itaporanga";"1"
"25007";"ATIVO";"Serra do Teixeira";"SERRA DO TEIXEIRA";"Serra Teixeira";"1"
"25008";"ATIVO";"Seridó Ocidental Paraibano";"SERIDO OCIDENTAL PARAIBANO";"Seridó Ocid.PB";"1"
"25009";"ATIVO";"Seridó Oriental Paraibano";"SERIDO ORIENTAL PARAIBANO";"Seridó Or.PB";"1"
"25010";"ATIVO";"Cariri Ocidental";"CARIRI OCIDENTAL";"Cariri Ocid.";"1"
"25011";"ATIVO";"Cariri Oriental";"CARIRI ORIENTAL";"Cariri Oriental";"1"
"25012";"ATIVO";"Curimataú Ocidental";"CURIMATAU OCIDENTAL";"Curimataú Ocid.";"1"
"25013";"ATIVO";"Curimataú Oriental";"CURIMATAU ORIENTAL";"Curimataú Or.";"1"
"25014";"ATIVO";"Esperança";"ESPERANCA";"Esperança";"1"
"25015";"ATIVO";"Brejo Paraibano";"BREJO PARAIBANO";"Brejo PB";"1"
"25016";"ATIVO";"Guarabira";"GUARABIRA";"Guarabira";"1"
"25017";"ATIVO";"Campina Grande";"CAMPINA GRANDE";"Campina Grande";"1"
"25018";"ATIVO";"Itabaiana";"ITABAIANA";"Itabaiana";"1"
"25019";"ATIVO";"Umbuzeiro";"UMBUZEIRO";"Umbuzeiro";"1"
"25020";"ATIVO";"Litoral Norte";"LITORAL NORTE";"Litoral Norte";"1"
"25021";"ATIVO";"Sapé";"SAPE";"Sapé";"1"
"25022";"ATIVO";"João Pessoa";"JOAO PESSOA";"João Pessoa";"1"
"25023";"ATIVO";"Litoral Sul";"LITORAL SUL";"Litoral Sul PB";"1"
"26000";"IGNOR";"Município ignorado - PE";"MUNICIPIO IGNORADO - PE";"Ignorado - PE";"8"
"26001";"ATIVO";"Araripina";"ARARIPINA";"Araripina";"1"
"26002";"ATIVO";"Salgueiro";"SALGUEIRO";"Salgueiro";"1"
"26003";"ATIVO";"Pajeú";"PAJEU";"Pajeú";"1"
"26004";"ATIVO";"Sertão do Moxotó";"SERTAO DO MOXOTO";"Sertão Moxotó";"1"
"26005";"ATIVO";"Petrolina";"PETROLINA";"Petrolina";"1"
"26006";"ATIVO";"Itaparica";"ITAPARICA";"Itaparica";"1"
"26007";"ATIVO";"Vale do Ipanema";"VALE DO IPANEMA";"Vale do Ipanema";"1"
"26008";"ATIVO";"Vale do Ipojuca";"VALE DO IPOJUCA";"Vale do Ipojuca";"1"
"26009";"ATIVO";"Alto Capibaribe";"ALTO CAPIBARIBE";"Alto Capibaribe";"1"
"26010";"ATIVO";"Médio Capibaribe";"MEDIO CAPIBARIBE";"M.Capibaribe";"1"
"26011";"ATIVO";"Garanhuns";"GARANHUNS";"Garanhuns";"1"
"26012";"ATIVO";"Brejo Pernambucano";"BREJO PERNAMBUCANO";"Brejo PE";"1"
"26013";"ATIVO";"Mata Setentrional Pernambucana";"MATA SETENTRIONAL PERNAMBUCANA";"Mata Set.PE";"1"
"26014";"ATIVO";"Vitória de Santo Antão";"VITORIA DE SANTO ANTAO";"Vitória S.Antão";"1"
"26015";"ATIVO";"Mata Meridional Pernambucana";"MATA MERIDIONAL PERNAMBUCANA";"Mata Merid.PE";"1"
"26016";"ATIVO";"Itamaracá";"ITAMARACA";"Itamaracá";"1"
"26017";"ATIVO";"Recife";"RECIFE";"Recife";"1"
"26018";"ATIVO";"Suape";"SUAPE";"Suape";"1"
"26019";"ATIVO";"Fernando de Noronha";"FERNANDO DE NORONHA";"Fern.Noronha";"1"
"27000";"IGNOR";"Município ignorado - AL";"MUNICIPIO IGNORADO - AL";"Ignorado - AL";"8"
"27001";"ATIVO";"Serrana do Sertão Alagoano";"SERRANA DO SERTAO ALAGOANO";"Serr.Sertão AL";"1"
"27002";"ATIVO";"Alagoana do Sertão do São Francisco";"ALAGOANA DO SERTAO DO SAO FRANCISCO";"Sert.S.Franc.AL";"1"
"27003";"ATIVO";"Santana do Ipanema";"SANTANA DO IPANEMA";"Santana Ipanema";"1"
"27004";"ATIVO";"Batalha";"BATALHA";"Batalha";"1"
"27005";"ATIVO";"Palmeira dos Índios";"PALMEIRA DOS INDIOS";"Palmeira Índios";"1"
"27006";"ATIVO";"Arapiraca";"ARAPIRACA";"Arapiraca";"1"
"27007";"ATIVO";"Traipu";"TRAIPU";"Traipu";"1"
"27008";"ATIVO";"Serrana dos Quilombos";"SERRANA DOS QUILOMBOS";"Serr.Quilombos";"1"
"27009";"ATIVO";"Mata Alagoana";"MATA ALAGOANA";"Mata AL";"1"
"27010";"ATIVO";"Litoral Norte Alagoano";"LITORAL NORTE ALAGOANO";"Litoral N AL";"1"
"27011";"ATIVO";"Maceió";"MACEIO";"Maceió";"1"
"27012";"ATIVO";"São Miguel dos Campos";"SAO MIGUEL DOS CAMPOS";"S.Miguel Campos";"1"
"27013";"ATIVO";"Penedo";"PENEDO";"Penedo";"1"
"28000";"IGNOR";"Município ignorado - SE";"MUNICIPIO IGNORADO - SE";"Ignorado - SE";"8"
"28001";"ATIVO";"Sergipana do Sertão do São Francisco";"SERGIPANA DO SERTAO DO SAO FRANCISCO";"Sert.S.Franc.SE";"1"
"28002";"ATIVO";"Carira";"CARIRA";"Carira";"1"
"28003";"ATIVO";"Nossa Senhora das Dores";"NOSSA SENHORA DAS DORES";"NS das Dores";"1"
"28004";"ATIVO";"Agreste de Itabaiana";"AGRESTE DE ITABAIANA";"Agr.Itabaiana";"1"
"28005";"ATIVO";"Tobias Barreto";"TOBIAS BARRETO";"Tobias Barreto";"1"
"28006";"ATIVO";"Agreste de Lagarto";"AGRESTE DE LAGARTO";"Agr.Lagarto";"1"
"28007";"ATIVO";"Propriá";"PROPRIA";"Propriá";"1"
"28008";"ATIVO";"Cotinguiba";"COTINGUIBA";"Cotinguiba";"1"
"28009";"ATIVO";"Japaratuba";"JAPARATUBA";"Japaratuba";"1"
"28010";"ATIVO";"Baixo Cotinguiba";"BAIXO COTINGUIBA";"B.Cotinguiba";"1"
"28011";"ATIVO";"Aracaju";"ARACAJU";"Aracaju";"1"
"28012";"ATIVO";"Boquim";"BOQUIM";"Boquim";"1"
"28013";"ATIVO";"Estância";"ESTANCIA";"Estância";"1"
"29000";"IGNOR";"Município ignorado - BA";"MUNICIPIO IGNORADO - BA";"Ignorado - BA";"8"
"29001";"ATIVO";"Barreiras";"BARREIRAS";"Barreiras";"1"
"29002";"ATIVO";"Cotegipe";"COTEGIPE";"Cotegipe";"1"
"29003";"ATIVO";"Santa Maria da Vitória";"SANTA MARIA DA VITORIA";"S Maria Vitória";"1"
"29004";"ATIVO";"Juazeiro";"JUAZEIRO";"Juazeiro";"1"
"29005";"ATIVO";"Paulo Afonso";"PAULO AFONSO";"Paulo Afonso";"1"
"29006";"ATIVO";"Barra";"BARRA";"Barra";"1"
"29007";"ATIVO";"Bom Jesus da Lapa";"BOM JESUS DA LAPA";"B Jesus da Lapa";"1"
"29008";"ATIVO";"Senhor do Bonfim";"SENHOR DO BONFIM";"Senhor Bonfim";"1"
"29009";"ATIVO";"Irecê";"IRECE";"Irecê";"1"
"29010";"ATIVO";"Jacobina";"JACOBINA";"Jacobina";"1"
"29011";"ATIVO";"Itaberaba";"ITABERABA";"Itaberaba";"1"
"29012";"ATIVO";"Feira de Santana";"FEIRA DE SANTANA";"F Santana";"1"
"29013";"ATIVO";"Jeremoabo";"JEREMOABO";"Jeremoabo";"1"
"29014";"ATIVO";"Euclides da Cunha";"EUCLIDES DA CUNHA";"Euclides Cunha";"1"
"29015";"ATIVO";"Ribeira do Pombal";"RIBEIRA DO POMBAL";"Ribeira Pombal";"1"
"29016";"ATIVO";"Serrinha";"SERRINHA";"Serrinha";"1"
"29017";"ATIVO";"Alagoinhas";"ALAGOINHAS";"Alagoinhas";"1"
"29018";"ATIVO";"Entre Rios";"ENTRE RIOS";"Entre Rios";"1"
"29019";"ATIVO";"Catu";"CATU";"Catu";"1"
"29020";"ATIVO";"Santo Antônio de Jesus";"SANTO ANTONIO DE JESUS";"S Antônio Jesus";"1"
"29021";"ATIVO";"Salvador";"SALVADOR";"Salvador";"1"
"29022";"ATIVO";"Boquira";"BOQUIRA";"Boquira";"1"
"29023";"ATIVO";"Seabra";"SEABRA";"Seabra";"1"
"29024";"ATIVO";"Jequié";"JEQUIE";"Jequié";"1"
"29025";"ATIVO";"Livramento do Brumado";"LIVRAMENTO DO BRUMADO";"Livr.Brumado";"1"
"29026";"ATIVO";"Guanambi";"GUANAMBI";"Guanambi";"1"
"29027";"ATIVO";"Brumado";"BRUMADO";"Brumado";"1"
"29028";"ATIVO";"Vitória da Conquista";"VITORIA DA CONQUISTA";"Vit.Conquista";"1"
"29029";"ATIVO";"Itapetinga";"ITAPETINGA";"Itapetinga";"1"
"29030";"ATIVO";"Valença";"VALENCA";"Valença";"1"
"29031";"ATIVO";"Ilhéus-Itabuna";"ILHEUS-ITABUNA";"Ilhéus-Itabuna";"1"
"29032";"ATIVO";"Porto Seguro";"PORTO SEGURO";"Porto Seguro";"1"
"31000";"IGNOR";"Município ignorado - MG";"MUNICIPIO IGNORADO - MG";"Ignorado - MG";"8"
"31001";"ATIVO";"Unaí";"UNAI";"Unaí";"1"
"31002";"ATIVO";"Paracatu";"PARACATU";"Paracatu";"1"
"31003";"ATIVO";"Januária";"JANUARIA";"Januária";"1"
"31004";"ATIVO";"Janaúba";"JANAUBA";"Janaúba";"1"
"31005";"ATIVO";"Salinas";"SALINAS";"Salinas";"1"
"31006";"ATIVO";"Pirapora";"PIRAPORA";"Pirapora";"1"
"31007";"ATIVO";"Montes Claros";"MONTES CLAROS";"Montes Claros";"1"
"31008";"ATIVO";"Grão Mogol";"GRAO MOGOL";"Grão Mogol";"1"
"31009";"ATIVO";"Bocaiúva";"BOCAIUVA";"Bocaiúva";"1"
"31010";"ATIVO";"Diamantina";"DIAMANTINA";"Diamantina";"1"
"31011";"ATIVO";"Capelinha";"CAPELINHA";"Capelinha";"1"
"31012";"ATIVO";"Araçuaí";"ARACUAI";"Araçuaí";"1"
"31013";"ATIVO";"Pedra Azul";"PEDRA AZUL";"Pedra Azul";"1"
"31014";"ATIVO";"Almenara";"ALMENARA";"Almenara";"1"
"31015";"ATIVO";"Teófilo Otoni";"TEOFILO OTONI";"Teófilo Otoni";"1"
"31016";"ATIVO";"Nanuque";"NANUQUE";"Nanuque";"1"
"31017";"ATIVO";"Ituiutaba";"ITUIUTABA";"Ituiutaba";"1"
"31018";"ATIVO";"Uberlândia";"UBERLANDIA";"Uberlândia";"1"
"31019";"ATIVO";"Patrocínio";"PATROCINIO";"Patrocínio";"1"
"31020";"ATIVO";"Patos de Minas";"PATOS DE MINAS";"Patos de Minas";"1"
"31021";"ATIVO";"Frutal";"FRUTAL";"Frutal";"1"
"31022";"ATIVO";"Uberaba";"UBERABA";"Uberaba";"1"
"31023";"ATIVO";"Araxá";"ARAXA";"Araxá";"1"
"31024";"ATIVO";"Três Marias";"TRES MARIAS";"Três Marias";"1"
"31025";"ATIVO";"Curvelo";"CURVELO";"Curvelo";"1"
"31026";"ATIVO";"Bom Despacho";"BOM DESPACHO";"Bom Despacho";"1"
"31027";"ATIVO";"Sete Lagoas";"SETE LAGOAS";"Sete Lagoas";"1"
"31028";"ATIVO";"Conceição do Mato Dentro";"CONCEICAO DO MATO DENTRO";"Conc. M. Dentro";"1"
"31029";"ATIVO";"Pará de Minas";"PARA DE MINAS";"Pará de Minas";"1"
"31030";"ATIVO";"Belo Horizonte";"BELO HORIZONTE";"B Horizonte";"1"
"31031";"ATIVO";"Itabira";"ITABIRA";"Itabira";"1"
"31032";"ATIVO";"Itaguara";"ITAGUARA";"Itaguara";"1"
"31033";"ATIVO";"Ouro Preto";"OURO PRETO";"Ouro Preto";"1"
"31034";"ATIVO";"Conselheiro Lafaiete";"CONSELHEIRO LAFAIETE";"Cons. Lafaiete";"1"
"31035";"ATIVO";"Guanhães";"GUANHAES";"Guanhães";"1"
"31036";"ATIVO";"Peçanha";"PECANHA";"Peçanha";"1"
"31037";"ATIVO";"Governador Valadares";"GOVERNADOR VALADARES";"Gov. Valadares";"1"
"31038";"ATIVO";"Mantena";"MANTENA";"Mantena";"1"
"31039";"ATIVO";"Ipatinga";"IPATINGA";"Ipatinga";"1"
"31040";"ATIVO";"Caratinga";"CARATINGA";"Caratinga";"1"
"31041";"ATIVO";"Aimorés";"AIMORES";"Aimorés";"1"
"31042";"ATIVO";"Piuí";"PIUI";"Piuí";"1"
"31043";"ATIVO";"Divinópolis";"DIVINOPOLIS";"Divinópolis";"1"
"31044";"ATIVO";"Formiga";"FORMIGA";"Formiga";"1"
"31045";"ATIVO";"Campo Belo";"CAMPO BELO";"Campo Belo";"1"
"31046";"ATIVO";"Oliveira";"OLIVEIRA";"Oliveira";"1"
"31047";"ATIVO";"Passos";"PASSOS";"Passos";"1"
"31048";"ATIVO";"São Sebastião do Paraíso";"SAO SEBASTIAO DO PARAISO";"S. Seb. Paraíso";"1"
"31049";"ATIVO";"Alfenas";"ALFENAS";"Alfenas";"1"
"31050";"ATIVO";"Varginha";"VARGINHA";"Varginha";"1"
"31051";"ATIVO";"Poços de Caldas";"POCOS DE CALDAS";"P. Caldas";"1"
"31052";"ATIVO";"Pouso Alegre";"POUSO ALEGRE";"P. Alegre";"1"
"31053";"ATIVO";"Santa Rita do Sapucaí";"SANTA RITA DO SAPUCAI";"S Rita Sapucaí";"1"
"31054";"ATIVO";"São Lourenço";"SAO LOURENCO";"S. Lourenço";"1"
"31055";"ATIVO";"Andrelândia";"ANDRELANDIA";"Andrelândia";"1"
"31056";"ATIVO";"Itajubá";"ITAJUBA";"Itajubá";"1"
"31057";"ATIVO";"Lavras";"LAVRAS";"Lavras";"1"
"31058";"ATIVO";"São João Del Rei";"SAO JOAO DEL REI";"S J del Rei";"1"
"31059";"ATIVO";"Barbacena";"BARBACENA";"Barbacena";"1"
"31060";"ATIVO";"Ponte Nova";"PONTE NOVA";"Ponte Nova";"1"
"31061";"ATIVO";"Manhuaçu";"MANHUACU";"Manhuaçu";"1"
"31062";"ATIVO";"Viçosa";"VICOSA";"Viçosa";"1"
"31063";"ATIVO";"Muriaé";"MURIAE";"Muriaé";"1"
"31064";"ATIVO";"Ubá";"UBA";"Ubá";"1"
"31065";"ATIVO";"Juiz de Fora";"JUIZ DE FORA";"Juiz de Fora";"1"
"31066";"ATIVO";"Cataguases";"CATAGUASES";"Cataguases";"1"
"32000";"IGNOR";"Município ignorado - ES";"MUNICIPIO IGNORADO - ES";"Ignorado - ES";"8"
"32001";"ATIVO";"Barra de São Francisco";"BARRA DE SAO FRANCISCO";"Barra S.Franc.";"1"
"32002";"ATIVO";"Nova Venécia";"NOVA VENECIA";"Nova Venécia";"1"
"32003";"ATIVO";"Colatina";"COLATINA";"Colatina";"1"
"32004";"ATIVO";"Montanha";"MONTANHA";"Montanha";"1"
"32005";"ATIVO";"São Mateus";"SAO MATEUS";"São Mateus";"1"
"32006";"ATIVO";"Linhares";"LINHARES";"Linhares";"1"
"32007";"ATIVO";"Afonso Cláudio";"AFONSO CLAUDIO";"Afonso Cláudio";"1"
"32008";"ATIVO";"Santa Teresa";"SANTA TERESA";"Santa Teresa";"1"
"32009";"ATIVO";"Vitória";"VITORIA";"Vitória";"1"
"32010";"ATIVO";"Guarapari";"GUARAPARI";"Guarapari";"1"
"32011";"ATIVO";"Alegre";"ALEGRE";"Alegre";"1"
"32012";"ATIVO";"Cachoeiro de Itapemirim";"CACHOEIRO DE ITAPEMIRIM";"Cach.Itapemirim";"1"
"32013";"ATIVO";"Itapemirim";"ITAPEMIRIM";"Itapemirim";"1"
"33000";"IGNOR";"Município ignorado - RJ";"MUNICIPIO IGNORADO - RJ";"Ignorado - RJ";"8"
"33001";"ATIVO";"Itaperuna";"ITAPERUNA";"Itaperuna";"1"
"33002";"ATIVO";"Santo Antônio de Pádua";"SANTO ANTONIO DE PADUA";"S.Antônio Pádua";"1"
"33003";"ATIVO";"Campos dos Goytacazes";"CAMPOS DOS GOYTACAZES";"Campos Goytac.";"1"
"33004";"ATIVO";"Macaé";"MACAE";"Macaé";"1"
"33005";"ATIVO";"Três Rios";"TRES RIOS";"Três Rios";"1"
"33006";"ATIVO";"Cantagalo-Cordeiro";"CANTAGALO-CORDEIRO";"Cantag/Cordeiro";"1"
"33007";"ATIVO";"Nova Friburgo";"NOVA FRIBURGO";"Nova Friburgo";"1"
"33008";"ATIVO";"Santa Maria Madalena";"SANTA MARIA MADALENA";"S.M.Madalena";"1"
"33009";"ATIVO";"Bacia de São João";"BACIA DE SAO JOAO";"Bacia de S.João";"1"
"33010";"ATIVO";"Lagos";"LAGOS";"Lagos";"1"
"33011";"ATIVO";"Vale do Paraíba Fluminense";"VALE DO PARAIBA FLUMINENSE";"Vale Paraíba RJ";"1"
"33012";"ATIVO";"Barra do Piraí";"BARRA DO PIRAI";"Barra do Piraí";"1"
"33013";"ATIVO";"Baía da Ilha Grande";"BAIA DA ILHA GRANDE";"Baía I.Grande";"1"
"33014";"ATIVO";"Vassouras";"VASSOURAS";"Vassouras";"1"
"33015";"ATIVO";"Serrana";"SERRANA";"Serrana";"1"
"33016";"ATIVO";"Macacu-Caceribu";"MACACU-CACERIBU";"Macacu-Caceribu";"1"
"33017";"ATIVO";"Itaguaí";"ITAGUAI";"Itaguaí";"1"
"33018";"ATIVO";"Rio de Janeiro";"RIO DE JANEIRO";"Rio de Janeiro";"1"
"35000";"IGNOR";"Município ignorado - SP";"MUNICIPIO IGNORADO - SP";"Ignorado - SP";"8"
"35001";"ATIVO";"Jales";"JALES";"Jales";"1"
"35002";"ATIVO";"Fernandópolis";"FERNANDOPOLIS";"Fernandópolis";"1"
"35003";"ATIVO";"Votuporanga";"VOTUPORANGA";"Votuporanga";"1"
"35004";"ATIVO";"São José do Rio Preto";"SAO JOSE DO RIO PRETO";"S.José R.Preto";"1"
"35005";"ATIVO";"Catanduva";"CATANDUVA";"Catanduva";"1"
"35006";"ATIVO";"Auriflama";"AURIFLAMA";"Auriflama";"1"
"35007";"ATIVO";"Nhandeara";"NHANDEARA";"Nhandeara";"1"
"35008";"ATIVO";"Novo Horizonte";"NOVO HORIZONTE";"Novo Horizonte";"1"
"35009";"ATIVO";"Barretos";"BARRETOS";"Barretos";"1"
"35010";"ATIVO";"São Joaquim da Barra";"SAO JOAQUIM DA BARRA";"S.Joaquim Barra";"1"
"35011";"ATIVO";"Ituverava";"ITUVERAVA";"Ituverava";"1"
"35012";"ATIVO";"Franca";"FRANCA";"Franca";"1"
"35013";"ATIVO";"Jaboticabal";"JABOTICABAL";"Jaboticabal";"1"
"35014";"ATIVO";"Ribeirão Preto";"RIBEIRAO PRETO";"Ribeirão Preto";"1"
"35015";"ATIVO";"Batatais";"BATATAIS";"Batatais";"1"
"35016";"ATIVO";"Andradina";"ANDRADINA";"Andradina";"1"
"35017";"ATIVO";"Araçatuba";"ARACATUBA";"Araçatuba";"1"
"35018";"ATIVO";"Birigui";"BIRIGUI";"Birigui";"1"
"35019";"ATIVO";"Lins";"LINS";"Lins";"1"
"35020";"ATIVO";"Bauru";"BAURU";"Bauru";"1"
"35021";"ATIVO";"Jaú";"JAU";"Jaú";"1"
"35022";"ATIVO";"Avaré";"AVARE";"Avaré";"1"
"35023";"ATIVO";"Botucatu";"BOTUCATU";"Botucatu";"1"
"35024";"ATIVO";"Araraquara";"ARARAQUARA";"Araraquara";"1"
"35025";"ATIVO";"São Carlos";"SAO CARLOS";"São Carlos";"1"
"35026";"ATIVO";"Rio Claro";"RIO CLARO";"Rio Claro";"1"
"35027";"ATIVO";"Limeira";"LIMEIRA";"Limeira";"1"
"35028";"ATIVO";"Piracicaba";"PIRACICABA";"Piracicaba";"1"
"35029";"ATIVO";"Pirassununga";"PIRASSUNUNGA";"Pirassununga";"1"
"35030";"ATIVO";"São João da Boa Vista";"SAO JOAO DA BOA VISTA";"S.João B.Vista";"1"
"35031";"ATIVO";"Mogi Mirim";"MOGI MIRIM";"Mogi Mirim";"1"
"35032";"ATIVO";"Campinas";"CAMPINAS";"Campinas";"1"
"35033";"ATIVO";"Amparo";"AMPARO";"Amparo";"1"
"35034";"ATIVO";"Dracena";"DRACENA";"Dracena";"1"
"35035";"ATIVO";"Adamantina";"ADAMANTINA";"Adamantina";"1"
"35036";"ATIVO";"Presidente Prudente";"PRESIDENTE PRUDENTE";"Pres.Prudente";"1"
"35037";"ATIVO";"Tupã";"TUPA";"Tupã";"1"
"35038";"ATIVO";"Marília";"MARILIA";"Marília";"1"
"35039";"ATIVO";"Assis";"ASSIS";"Assis";"1"
"35040";"ATIVO";"Ourinhos";"OURINHOS";"Ourinhos";"1"
"35041";"ATIVO";"Itapeva";"ITAPEVA";"Itapeva";"1"
"35042";"ATIVO";"Itapetininga";"ITAPETININGA";"Itapetininga";"1"
"35043";"ATIVO";"Tatuí";"TATUI";"Tatuí";"1"
"35044";"ATIVO";"Capão Bonito";"CAPAO BONITO";"Capão Bonito";"1"
"35045";"ATIVO";"Piedade";"PIEDADE";"Piedade";"1"
"35046";"ATIVO";"Sorocaba";"SOROCABA";"Sorocaba";"1"
"35047";"ATIVO";"Jundiaí";"JUNDIAI";"Jundiaí";"1"
"35048";"ATIVO";"Bragança Paulista";"BRAGANCA PAULISTA";"Bragança SP";"1"
"35049";"ATIVO";"Campos do Jordão";"CAMPOS DO JORDAO";"Campos Jordão";"1"
"35050";"ATIVO";"São José dos Campos";"SAO JOSE DOS CAMPOS";"S.José Campos";"1"
"35051";"ATIVO";"Guaratinguetá";"GUARATINGUETA";"Guaratinguetá";"1"
"35052";"ATIVO";"Bananal";"BANANAL";"Bananal";"1"
"35053";"ATIVO";"Paraibuna/Paraitinga";"PARAIBUNA/PARAITINGA";"Par./Paraitinga";"1"
"35054";"ATIVO";"Caraguatatuba";"CARAGUATATUBA";"Caraguatatuba";"1"
"35055";"ATIVO";"Registro";"REGISTRO";"Registro";"1"
"35056";"ATIVO";"Itanhaém";"ITANHAEM";"Itanhaém";"1"
"35057";"ATIVO";"Osasco";"OSASCO";"Osasco";"1"
"35058";"ATIVO";"Franco da Rocha";"FRANCO DA ROCHA";"Franco da Rocha";"1"
"35059";"ATIVO";"Guarulhos";"GUARULHOS";"Guarulhos";"1"
"35060";"ATIVO";"Itapecerica da Serra";"ITAPECERICA DA SERRA";"Itapec.Serra";"1"
"35061";"ATIVO";"São Paulo";"SAO PAULO";"São Paulo";"1"
"35062";"ATIVO";"Mogi das Cruzes";"MOGI DAS CRUZES";"Mogi das Cruzes";"1"
"35063";"ATIVO";"Santos";"SANTOS";"Santos";"1"
"41000";"IGNOR";"Município ignorado - PR";"MUNICIPIO IGNORADO - PR";"Ignorado - PR";"8"
"41001";"ATIVO";"Paranavaí";"PARANAVAI";"Paranavaí";"1"
"41002";"ATIVO";"Umuarama";"UMUARAMA";"Umuarama";"1"
"41003";"ATIVO";"Cianorte";"CIANORTE";"Cianorte";"1"
"41004";"ATIVO";"Goioerê";"GOIOERE";"Goioerê";"1"
"41005";"ATIVO";"Campo Mourão";"CAMPO MOURAO";"Campo Mourão";"1"
"41006";"ATIVO";"Astorga";"ASTORGA";"Astorga";"1"
"41007";"ATIVO";"Porecatu";"PORECATU";"Porecatu";"1"
"41008";"ATIVO";"Floraí";"FLORAI";"Floraí";"1"
"41009";"ATIVO";"Maringá";"MARINGA";"Maringá";"1"
"41010";"ATIVO";"Apucarana";"APUCARANA";"Apucarana";"1"
"41011";"ATIVO";"Londrina";"LONDRINA";"Londrina";"1"
"41012";"ATIVO";"Faxinal";"FAXINAL";"Faxinal";"1"
"41013";"ATIVO";"Ivaiporã";"IVAIPORA";"Ivaiporã";"1"
"41014";"ATIVO";"Assaí";"ASSAI";"Assaí";"1"
"41015";"ATIVO";"Cornélio Procópio";"CORNELIO PROCOPIO";"Corn.Procópio";"1"
"41016";"ATIVO";"Jacarezinho";"JACAREZINHO";"Jacarezinho";"1"
"41017";"ATIVO";"Ibaiti";"IBAITI";"Ibaiti";"1"
"41018";"ATIVO";"Wenceslau Braz";"WENCESLAU BRAZ";"Wenceslau Braz";"1"
"41019";"ATIVO";"Telêmaco Borba";"TELEMACO BORBA";"Telêmaco Borba";"1"
"41020";"ATIVO";"Jaguariaíva";"JAGUARIAIVA";"Jaguariaíva";"1"
"41021";"ATIVO";"Ponta Grossa";"PONTA GROSSA";"Ponta Grossa";"1"
"41022";"ATIVO";"Toledo";"TOLEDO";"Toledo";"1"
"41023";"ATIVO";"Cascavel";"CASCAVEL";"Cascavel PR";"1"
"41024";"ATIVO";"Foz do Iguaçu";"FOZ DO IGUACU";"Foz do Iguaçu";"1"
"41025";"ATIVO";"Capanema";"CAPANEMA";"Capanema";"1"
"41026";"ATIVO";"Francisco Beltrão";"FRANCISCO BELTRAO";"Franc.Beltrão";"1"
"41027";"ATIVO";"Pato Branco";"PATO BRANCO";"Pato Branco";"1"
"41028";"ATIVO";"Pitanga";"PITANGA";"Pitanga";"1"
"41029";"ATIVO";"Guarapuava";"GUARAPUAVA";"Guarapuava";"1"
"41030";"ATIVO";"Palmas";"PALMAS";"Palmas";"1"
"41031";"ATIVO";"Prudentópolis";"PRUDENTOPOLIS";"Prudentópolis";"1"
"41032";"ATIVO";"Irati";"IRATI";"Irati";"1"
"41033";"ATIVO";"União da Vitória";"UNIAO DA VITORIA";"União Vitória";"1"
"41034";"ATIVO";"São Mateus do Sul";"SAO MATEUS DO SUL";"S.Mateus do Sul";"1"
"41035";"ATIVO";"Cerro Azul";"CERRO AZUL";"Cerro Azul";"1"
"41036";"ATIVO";"Lapa";"LAPA";"Lapa";"1"
"41037";"ATIVO";"Curitiba";"CURITIBA";"Curitiba";"1"
"41038";"ATIVO";"Paranaguá";"PARANAGUA";"Paranaguá";"1"
"41039";"ATIVO";"Rio Negro";"RIO NEGRO";"Rio Negro PR";"1"
"42000";"IGNOR";"Município ignorado - SC";"MUNICIPIO IGNORADO - SC";"Ignorado - SC";"8"
"42001";"ATIVO";"São Miguel do Oeste";"SAO MIGUEL DO OESTE";"S.Miguel Oeste";"1"
"42002";"ATIVO";"Chapecó";"CHAPECO";"Chapecó";"1"
"42003";"ATIVO";"Xanxerê";"XANXERE";"Xanxerê";"1"
"42004";"ATIVO";"Joaçaba";"JOACABA";"Joaçaba";"1"
"42005";"ATIVO";"Concórdia";"CONCORDIA";"Concórdia";"1"
"42006";"ATIVO";"Canoinhas";"CANOINHAS";"Canoinhas";"1"
"42007";"ATIVO";"São Bento do Sul";"SAO BENTO DO SUL";"S.Bento do Sul";"1"
"42008";"ATIVO";"Joinville";"JOINVILLE";"Joinville";"1"
"42009";"ATIVO";"Curitibanos";"CURITIBANOS";"Curitibanos";"1"
"42010";"ATIVO";"Campos de Lages";"CAMPOS DE LAGES";"Campos de Lages";"1"
"42011";"ATIVO";"Rio do Sul";"RIO DO SUL";"Rio do Sul";"1"
"42012";"ATIVO";"Blumenau";"BLUMENAU";"Blumenau";"1"
"42013";"ATIVO";"Itajaí";"ITAJAI";"Itajaí";"1"
"42014";"ATIVO";"Ituporanga";"ITUPORANGA";"Ituporanga";"1"
"42015";"ATIVO";"Tijucas";"TIJUCAS";"Tijucas";"1"
"42016";"ATIVO";"Florianópolis";"FLORIANOPOLIS";"Florianópolis";"1"
"42017";"ATIVO";"Tabuleiro";"TABULEIRO";"Tabuleiro";"1"
"42018";"ATIVO";"Tubarão";"TUBARAO";"Tubarão";"1"
"42019";"ATIVO";"Criciúma";"CRICIUMA";"Criciúma";"1"
"42020";"ATIVO";"Araranguá";"ARARANGUA";"Araranguá";"1"
"43000";"IGNOR";"Município ignorado - RS";"MUNICIPIO IGNORADO - RS";"Ignorado - RS";"8"
"43001";"ATIVO";"Santa Rosa";"SANTA ROSA";"Santa Rosa";"1"
"43002";"ATIVO";"Três Passos";"TRES PASSOS";"Três Passos";"1"
"43003";"ATIVO";"Frederico Westphalen";"FREDERICO WESTPHALEN";"Fred.Westphalen";"1"
"43004";"ATIVO";"Erechim";"ERECHIM";"Erechim";"1"
"43005";"ATIVO";"Sananduva";"SANANDUVA";"Sananduva";"1"
"43006";"ATIVO";"Cerro Largo";"CERRO LARGO";"Cerro Largo";"1"
"43007";"ATIVO";"Santo Ângelo";"SANTO ANGELO";"Santo Ângelo";"1"
"43008";"ATIVO";"Ijuí";"IJUI";"Ijuí";"1"
"43009";"ATIVO";"Carazinho";"CARAZINHO";"Carazinho";"1"
"43010";"ATIVO";"Passo Fundo";"PASSO FUNDO";"Passo Fundo";"1"
"43011";"ATIVO";"Cruz Alta";"CRUZ ALTA";"Cruz Alta";"1"
"43012";"ATIVO";"Não-Me-Toque";"NAO-ME-TOQUE";"Não-Me-Toque";"1"
"43013";"ATIVO";"Soledade";"SOLEDADE";"Soledade";"1"
"43014";"ATIVO";"Guaporé";"GUAPORE";"Guaporé";"1"
"43015";"ATIVO";"Vacaria";"VACARIA";"Vacaria";"1"
"43016";"ATIVO";"Caxias do Sul";"CAXIAS DO SUL";"Caxias do Sul";"1"
"43017";"ATIVO";"Santiago";"SANTIAGO";"Santiago";"1"
"43018";"ATIVO";"Santa Maria";"SANTA MARIA";"Santa Maria";"1"
"43019";"ATIVO";"Restinga Seca";"RESTINGA SECA";"Restinga Seca";"1"
"43020";"ATIVO";"Santa Cruz do Sul";"SANTA CRUZ DO SUL";"S. Cruz do Sul";"1"
"43021";"ATIVO";"Lajeado-Estrela";"LAJEADO-ESTRELA";"Lajeado-Estrela";"1"
"43022";"ATIVO";"Cachoeira do Sul";"CACHOEIRA DO SUL";"Cachoeira Sul";"1"
"43023";"ATIVO";"Montenegro";"MONTENEGRO";"Montenegro";"1"
"43024";"ATIVO";"Gramado-Canela";"GRAMADO-CANELA";"Gramado-Canela";"1"
"43025";"ATIVO";"São Jerônimo";"SAO JERONIMO";"S. Jerônimo";"1"
"43026";"ATIVO";"Porto Alegre";"PORTO ALEGRE";"Porto Alegre";"1"
"43027";"ATIVO";"Osório";"OSORIO";"Osório";"1"
"43028";"ATIVO";"Camaquã";"CAMAQUA";"Camaquã";"1"
"43029";"ATIVO";"Campanha Ocidental";"CAMPANHA OCIDENTAL";"Campanha Ocid.";"1"
"43030";"ATIVO";"Campanha Central";"CAMPANHA CENTRAL";"Campanha Centr.";"1"
"43031";"ATIVO";"Campanha Meridional";"CAMPANHA MERIDIONAL";"Campanha Merid.";"1"
"43032";"ATIVO";"Serras de Sudeste";"SERRAS DE SUDESTE";"Serras Sudeste";"1"
"43033";"ATIVO";"Pelotas";"PELOTAS";"Pelotas";"1"
"43034";"ATIVO";"Jaguarão";"JAGUARAO";"Jaguarão";"1"
"43035";"ATIVO";"Litoral Lagunar";"LITORAL LAGUNAR";"Litoral Lagunar";"1"
"50000";"IGNOR";"Município ignorado - MS";"MUNICIPIO IGNORADO - MS";"Ignorado - MS";"8"
"50001";"ATIVO";"Baixo Pantanal";"BAIXO PANTANAL";"Baixo Pantanal";"1"
"50002";"ATIVO";"Aquidauana";"AQUIDAUANA";"Aquidauana";"1"
"50003";"ATIVO";"Alto Taquari";"ALTO TAQUARI";"Alto Taquari";"1"
"50004";"ATIVO";"Campo Grande";"CAMPO GRANDE";"Campo Grande";"1"
"50005";"ATIVO";"Cassilândia";"CASSILANDIA";"Cassilândia";"1"
"50006";"ATIVO";"Paranaíba";"PARANAIBA";"Paranaíba";"1"
"50007";"ATIVO";"Três Lagoas";"TRES LAGOAS";"Três Lagoas";"1"
"50008";"ATIVO";"Nova Andradina";"NOVA ANDRADINA";"Nova Andradina";"1"
"50009";"ATIVO";"Bodoquena";"BODOQUENA";"Bodoquena";"1"
"50010";"ATIVO";"Dourados";"DOURADOS";"Dourados";"1"
"50011";"ATIVO";"Iguatemi";"IGUATEMI";"Iguatemi";"1"
"51000";"IGNOR";"Município ignorado - MT";"MUNICIPIO IGNORADO - MT";"Ignorado - MT";"8"
"51001";"ATIVO";"Aripuanã";"ARIPUANA";"Aripuanã";"1"
"51002";"ATIVO";"Alta Floresta";"ALTA FLORESTA";"Alta Floresta";"1"
"51003";"ATIVO";"Colíder";"COLIDER";"Colíder";"1"
"51004";"ATIVO";"Parecis";"PARECIS";"Parecis";"1"
"51005";"ATIVO";"Arinos";"ARINOS";"Arinos";"1"
"51006";"ATIVO";"Alto Teles Pires";"ALTO TELES PIRES";"A.Teles Pires";"1"
"51007";"ATIVO";"Sinop";"SINOP";"Sinop";"1"
"51008";"ATIVO";"Paranatinga";"PARANATINGA";"Paranatinga";"1"
"51009";"ATIVO";"Norte Araguaia";"NORTE ARAGUAIA";"Norte Araguaia";"1"
"51010";"ATIVO";"Canarana";"CANARANA";"Canarana";"1"
"51011";"ATIVO";"Médio Araguaia";"MEDIO ARAGUAIA";"Médio Araguaia";"1"
"51012";"ATIVO";"Alto Guaporé";"ALTO GUAPORE";"Alto Guaporé";"1"
"51013";"ATIVO";"Tangará da Serra";"TANGARA DA SERRA";"Tangará Serra";"1"
"51014";"ATIVO";"Jauru";"JAURU";"Jauru";"1"
"51015";"ATIVO";"Alto Paraguai";"ALTO PARAGUAI";"Alto Paraguai";"1"
"51016";"ATIVO";"Rosário Oeste";"ROSARIO OESTE";"Rosário Oeste";"1"
"51017";"ATIVO";"Cuiabá";"CUIABA";"Cuiabá";"1"
"51018";"ATIVO";"Alto Pantanal";"ALTO PANTANAL";"Alto Pantanal";"1"
"51019";"ATIVO";"Primavera do Leste";"PRIMAVERA DO LESTE";"Primavera Leste";"1"
"51020";"ATIVO";"Tesouro";"TESOURO";"Tesouro";"1"
"51021";"ATIVO";"Rondonópolis";"RONDONOPOLIS";"Rondonópolis";"1"
"51022";"ATIVO";"Alto Araguaia";"ALTO ARAGUAIA";"Alto Araguaia";"1"
"52000";"IGNOR";"Município ignorado - GO";"MUNICIPIO IGNORADO - GO";"Ignorado - GO";"8"
"52001";"ATIVO";"São Miguel do Araguaia";"SAO MIGUEL DO ARAGUAIA";"S.Miguel Arag.";"1"
"52002";"ATIVO";"Rio Vermelho";"RIO VERMELHO";"Rio Vermelho";"1"
"52003";"ATIVO";"Aragarças";"ARAGARCAS";"Aragarças";"1"
"52004";"ATIVO";"Porangatu";"PORANGATU";"Porangatu";"1"
"52005";"ATIVO";"Chapada dos Veadeiros";"CHAPADA DOS VEADEIROS";"Chap.Veadeiros";"1"
"52006";"ATIVO";"Ceres";"CERES";"Ceres";"1"
"52007";"ATIVO";"Anápolis";"ANAPOLIS";"Anápolis";"1"
"52008";"ATIVO";"Iporá";"IPORA";"Iporá";"1"
"52009";"ATIVO";"Anicuns";"ANICUNS";"Anicuns";"1"
"52010";"ATIVO";"Goiânia";"GOIANIA";"Goiânia";"1"
"52011";"ATIVO";"Vão do Paranã";"VAO DO PARANA";"Vão do Paranã";"1"
"52012";"ATIVO";"Entorno de Brasília";"ENTORNO DE BRASILIA";"Ent.Brasília";"1"
"52013";"ATIVO";"Sudoeste de Goiás";"SUDOESTE DE GOIAS";"SO de Goiás";"1"
"52014";"ATIVO";"Vale do Rio dos Bois";"VALE DO RIO DOS BOIS";"Vale Rio Bois";"1"
"52015";"ATIVO";"Meia Ponte";"MEIA PONTE";"Meia Ponte";"1"
"52016";"ATIVO";"Pires do Rio";"PIRES DO RIO";"Pires do Rio";"1"
"52017";"ATIVO";"Catalão";"CATALAO";"Catalão";"1"
"52018";"ATIVO";"Quirinópolis";"QUIRINOPOLIS";"Quirinópolis";"1"
"52998";"TRANSF";"Municípios transferidos para Tocantins";"MUNICIPIOS TRANSFERIDOS PARA TOCANTINS";"Transf p/Tocantins";"7"
"53001";"ATIVO";"Brasília";"BRASILIA";"Brasília";"1"
